store_id,store_name,location,units_sold,revenue,gross_profit
1,All-In-One Mart ,Delhi-NCR,13662,735423.607632,289183.54283200006
3,One-Stop Shop,Bengaluru,12794,693857.469308,273240.03290800005
4,Everthing and More Store,Chennai,12670,670536.80792,261794.18192000003
2,Ultimate Retail Hub,Pune,12573,653857.8838480001,258315.65924800004
